{"cameraMode":{"drawMode":0,"name":"Shaded","section":"Shading Mode"},"sceneLighting":true,"audioPlay":false,"sceneViewState":{"showFog":true,"showMaterialUpdate":false,"showSkybox":true,"showFlares":true,"showImageEffects":true,"showParticleSystems":true},"in2DMode":false,"pivot":{"x":351.9543151855469,"y":159.7763671875,"z":-114.88558959960938},"rotation":{"x":0.0000023854458959249316,"y":0.999969482421875,"z":-0.007809970527887344,"w":0.0003006315091624856},"size":648.1748046875,"orthographic":false}