{"cameraMode":{"drawMode":0,"name":"Shaded","section":"Shading Mode"},"sceneLighting":false,"audioPlay":false,"sceneViewState":{"showFog":true,"showMaterialUpdate":false,"showSkybox":false,"showFlares":true,"showImageEffects":true,"showParticleSystems":true},"in2DMode":false,"pivot":{"x":-10.620758056640625,"y":-3.7322633266448976,"z":-4.763119697570801},"rotation":{"x":-0.10845015943050385,"y":0.8464411497116089,"z":-0.18892736732959748,"w":-0.4858832061290741},"size":20.639923095703126,"orthographic":false}