{"cameraMode":{"drawMode":0,"name":"Shaded","section":"Shading Mode"},"sceneLighting":false,"audioPlay":false,"sceneViewState":{"showFog":true,"showMaterialUpdate":false,"showSkybox":false,"showFlares":true,"showImageEffects":true,"showParticleSystems":true},"in2DMode":false,"pivot":{"x":29.891738891601564,"y":-3.817699909210205,"z":34.4923210144043},"rotation":{"x":0.08816905319690705,"y":-0.8233242034912109,"z":0.13329191505908967,"w":0.5446070432662964},"size":22.517045974731447,"orthographic":false}