{"cameraMode":{"drawMode":0,"name":"Shaded","section":"Shading Mode"},"sceneLighting":false,"audioPlay":false,"sceneViewState":{"showFog":true,"showMaterialUpdate":false,"showSkybox":false,"showFlares":true,"showImageEffects":true,"showParticleSystems":true},"in2DMode":false,"pivot":{"x":8.385335922241211,"y":1.9726955890655518,"z":27.906139373779298},"rotation":{"x":-0.009135224856436253,"y":0.9895955324172974,"z":-0.07317467778921128,"w":-0.12354271858930588},"size":7.606864929199219,"orthographic":true}