{"cameraMode":{"drawMode":0,"name":"Shaded","section":"Shading Mode"},"sceneLighting":true,"audioPlay":false,"sceneViewState":{"showFog":true,"showMaterialUpdate":true,"showSkybox":true,"showFlares":true,"showImageEffects":true,"showParticleSystems":true},"in2DMode":false,"pivot":{"x":30.149463653564454,"y":0.4142167866230011,"z":-127.1946792602539},"rotation":{"x":-0.14547453820705415,"y":-0.14518162608146668,"z":0.021585669368505479,"w":-0.9784138202667236},"size":5.084227561950684,"orthographic":false}