{"cameraMode":{"drawMode":0,"name":"Shaded","section":"Shading Mode"},"sceneLighting":false,"audioPlay":false,"sceneViewState":{"showFog":true,"showMaterialUpdate":false,"showSkybox":false,"showFlares":true,"showImageEffects":true,"showParticleSystems":true},"in2DMode":false,"pivot":{"x":-0.8038276433944702,"y":-0.04542604833841324,"z":0.14107850193977357},"rotation":{"x":-0.09002122282981873,"y":0.8051414489746094,"z":-0.1266310065984726,"w":-0.5723705887794495},"size":2.949004650115967,"orthographic":false}