{"cameraMode":{"drawMode":0,"name":"Shaded","section":"Shading Mode"},"sceneLighting":false,"audioPlay":false,"sceneViewState":{"showFog":true,"showMaterialUpdate":false,"showSkybox":false,"showFlares":true,"showImageEffects":true,"showParticleSystems":true},"in2DMode":false,"pivot":{"x":0.1816730499267578,"y":-0.34123802185058596,"z":0.0000019073486328125},"rotation":{"x":-0.14691132307052613,"y":0.815483808517456,"z":-0.5076501965522766,"w":-0.23599690198898316},"size":149.2256317138672,"orthographic":false}