{"cameraMode":{"drawMode":0,"name":"Shaded","section":"Shading Mode"},"sceneLighting":false,"audioPlay":false,"sceneViewState":{"showFog":true,"showMaterialUpdate":false,"showSkybox":false,"showFlares":true,"showImageEffects":true,"showParticleSystems":true},"in2DMode":false,"pivot":{"x":24.02800941467285,"y":3.8157289028167726,"z":-12.054018020629883},"rotation":{"x":0.4186427891254425,"y":-0.0742393210530281,"z":0.034362852573394778,"w":0.9044589400291443},"size":20.61210060119629,"orthographic":false}