{"cameraMode":{"drawMode":0,"name":"Shaded","section":"Shading Mode"},"sceneLighting":false,"audioPlay":false,"sceneViewState":{"showFog":true,"showMaterialUpdate":false,"showSkybox":false,"showFlares":true,"showImageEffects":true,"showParticleSystems":true},"in2DMode":false,"pivot":{"x":-0.1913781315088272,"y":0.47327396273612978,"z":0.08553990721702576},"rotation":{"x":-0.09002122282981873,"y":0.8051414489746094,"z":-0.1266310065984726,"w":-0.5723705887794495},"size":5.628942489624023,"orthographic":false}