{"cameraMode":{"drawMode":0,"name":"Shaded","section":"Shading Mode"},"sceneLighting":true,"audioPlay":false,"sceneViewState":{"showFog":true,"showMaterialUpdate":false,"showSkybox":true,"showFlares":true,"showImageEffects":true,"showParticleSystems":true},"in2DMode":false,"pivot":{"x":12.007266998291016,"y":3.7863502502441408,"z":28.0},"rotation":{"x":0.16525401175022126,"y":-0.09568997472524643,"z":0.01611221581697464,"w":0.981465756893158},"size":5.969021797180176,"orthographic":false}