{"cameraMode":{"drawMode":0,"name":"Shaded","section":"Shading Mode"},"sceneLighting":false,"audioPlay":false,"sceneViewState":{"showFog":true,"showMaterialUpdate":false,"showSkybox":false,"showFlares":true,"showImageEffects":true,"showParticleSystems":true},"in2DMode":false,"pivot":{"x":44.560001373291019,"y":4.198546409606934,"z":40.99249267578125},"rotation":{"x":-0.13610102236270905,"y":0.8574772477149963,"z":-0.28969836235046389,"w":-0.4028450846672058},"size":86.45841979980469,"orthographic":false}