{"cameraMode":{"drawMode":0,"name":"Shaded","section":"Shading Mode"},"sceneLighting":false,"audioPlay":false,"sceneViewState":{"showFog":true,"showMaterialUpdate":false,"showSkybox":false,"showFlares":true,"showImageEffects":true,"showParticleSystems":true},"in2DMode":false,"pivot":{"x":31.55999755859375,"y":3.8540000915527345,"z":7.819999694824219},"rotation":{"x":-0.13610102236270905,"y":0.8574772477149963,"z":-0.28969836235046389,"w":-0.4028450846672058},"size":148.60995483398438,"orthographic":false}