{"cameraMode":{"drawMode":0,"name":"Shaded","section":"Shading Mode"},"sceneLighting":false,"audioPlay":false,"sceneViewState":{"showFog":true,"showMaterialUpdate":false,"showSkybox":false,"showFlares":true,"showImageEffects":true,"showParticleSystems":true},"in2DMode":false,"pivot":{"x":44.560001373291019,"y":4.19854736328125,"z":41.15699005126953},"rotation":{"x":-0.2733309268951416,"y":-0.7182436585426331,"z":0.5125553011894226,"w":-0.38301870226860049},"size":103.75011444091797,"orthographic":false}