{"cameraMode":{"drawMode":0,"name":"Shaded","section":"Shading Mode"},"sceneLighting":false,"audioPlay":false,"sceneViewState":{"showFog":true,"showMaterialUpdate":false,"showSkybox":false,"showFlares":true,"showImageEffects":true,"showParticleSystems":true},"in2DMode":false,"pivot":{"x":-0.03843933343887329,"y":0.7934907674789429,"z":0.10112662613391876},"rotation":{"x":0.008835352957248688,"y":0.9736363887786865,"z":-0.22469647228717805,"w":0.03828451782464981},"size":13.117467880249024,"orthographic":false}