{"cameraMode":{"drawMode":0,"name":"Shaded","section":"Shading Mode"},"sceneLighting":false,"audioPlay":false,"sceneViewState":{"showFog":true,"showMaterialUpdate":false,"showSkybox":false,"showFlares":true,"showImageEffects":true,"showParticleSystems":true},"in2DMode":false,"pivot":{"x":35.913448333740237,"y":2.683641195297241,"z":6.5733771324157719},"rotation":{"x":-0.08336426317691803,"y":-0.8655567169189453,"z":0.15376150608062745,"w":-0.4692753851413727},"size":4.676820755004883,"orthographic":false}