{"cameraMode":{"drawMode":0,"name":"Shaded","section":"Shading Mode"},"sceneLighting":true,"audioPlay":false,"sceneViewState":{"showFog":true,"showMaterialUpdate":false,"showSkybox":true,"showFlares":true,"showImageEffects":true,"showParticleSystems":true},"in2DMode":false,"pivot":{"x":44.560001373291019,"y":3.1985464096069338,"z":40.99249267578125},"rotation":{"x":-0.40048351883888247,"y":0.5457557439804077,"z":-0.3329639732837677,"w":-0.6564287543296814},"size":37.4384880065918,"orthographic":false}