{"cameraMode":{"drawMode":0,"name":"Shaded","section":"Shading Mode"},"sceneLighting":true,"audioPlay":false,"sceneViewState":{"showFog":true,"showMaterialUpdate":false,"showSkybox":true,"showFlares":true,"showImageEffects":true,"showParticleSystems":true},"in2DMode":false,"pivot":{"x":43.841800689697269,"y":3.19854736328125,"z":39.76914596557617},"rotation":{"x":-0.10229277610778809,"y":0.8358032703399658,"z":-0.1666516661643982,"w":-0.5130266547203064},"size":24.884735107421876,"orthographic":false}