{"cameraMode":{"drawMode":0,"name":"Shaded","section":"Shading Mode"},"sceneLighting":true,"audioPlay":false,"sceneViewState":{"showFog":true,"showMaterialUpdate":false,"showSkybox":true,"showFlares":true,"showImageEffects":true,"showParticleSystems":true},"in2DMode":false,"pivot":{"x":36.46806335449219,"y":2.3551254272460939,"z":19.868244171142579},"rotation":{"x":0.1603710651397705,"y":0.8127243518829346,"z":-0.26375624537467959,"w":0.4941587746143341},"size":106.41534423828125,"orthographic":false}