{"cameraMode":{"drawMode":0,"name":"Shaded","section":"Shading Mode"},"sceneLighting":false,"audioPlay":false,"sceneViewState":{"showFog":true,"showMaterialUpdate":false,"showSkybox":false,"showFlares":true,"showImageEffects":true,"showParticleSystems":true},"in2DMode":false,"pivot":{"x":1.3490009307861329,"y":1.400001049041748,"z":-0.024999618530273439},"rotation":{"x":-0.09765350818634033,"y":0.0035800435580313207,"z":-0.00035131137701682746,"w":-0.99521404504776},"size":86.45854949951172,"orthographic":false}