{"cameraMode":{"drawMode":0,"name":"Shaded","section":"Shading Mode"},"sceneLighting":false,"audioPlay":false,"sceneViewState":{"showFog":true,"showMaterialUpdate":false,"showSkybox":false,"showFlares":true,"showImageEffects":true,"showParticleSystems":true},"in2DMode":false,"pivot":{"x":535.1700439453125,"y":437.0299987792969,"z":27.520000457763673},"rotation":{"x":0.1640545278787613,"y":0.7678837180137634,"z":-0.21724942326545716,"w":0.579865038394928},"size":8.264582633972168,"orthographic":false}