{"cameraMode":{"drawMode":0,"name":"Shaded","section":"Shading Mode"},"sceneLighting":false,"audioPlay":false,"sceneViewState":{"showFog":true,"showMaterialUpdate":false,"showSkybox":false,"showFlares":true,"showImageEffects":true,"showParticleSystems":true},"in2DMode":false,"pivot":{"x":44.113616943359378,"y":3.19854736328125,"z":38.75785446166992},"rotation":{"x":-0.46849381923675539,"y":0.025699734687805177,"z":-0.01363555621355772,"w":-0.8829876184463501},"size":54.55582046508789,"orthographic":false}