{"cameraMode":{"drawMode":0,"name":"Shaded","section":"Shading Mode"},"sceneLighting":true,"audioPlay":false,"sceneViewState":{"showFog":true,"showMaterialUpdate":false,"showSkybox":true,"showFlares":true,"showImageEffects":true,"showParticleSystems":true},"in2DMode":false,"pivot":{"x":-7.446460247039795,"y":41.575809478759769,"z":-90.06596374511719},"rotation":{"x":0.1249406486749649,"y":0.18430331349372865,"z":-0.02362714894115925,"w":0.9746096730232239},"size":22.34343719482422,"orthographic":true}