{"cameraMode":{"drawMode":0,"name":"Shaded","section":"Shading Mode"},"sceneLighting":true,"audioPlay":false,"sceneViewState":{"showFog":true,"showMaterialUpdate":false,"showSkybox":true,"showFlares":true,"showImageEffects":true,"showParticleSystems":true},"in2DMode":false,"pivot":{"x":3.680227279663086,"y":-7.376982688903809,"z":2.2155237197875978},"rotation":{"x":-0.2037205547094345,"y":0.7077754139900208,"z":-0.2261812686920166,"w":-0.637490451335907},"size":47.61379623413086,"orthographic":false}