{"cameraMode":{"drawMode":0,"name":"Shaded","section":"Shading Mode"},"sceneLighting":false,"audioPlay":false,"sceneViewState":{"showFog":false,"showMaterialUpdate":false,"showSkybox":false,"showFlares":false,"showImageEffects":false,"showParticleSystems":false},"in2DMode":false,"pivot":{"x":0.15163230895996095,"y":-0.19890594482421876,"z":-2.213613986968994},"rotation":{"x":-0.04741859436035156,"y":0.9523792862892151,"z":-0.22280222177505494,"w":-0.20269286632537843},"size":5.6686177253723148,"orthographic":false}