{"cameraMode":{"drawMode":0,"name":"Shaded","section":"Shading Mode"},"sceneLighting":true,"audioPlay":false,"sceneViewState":{"showFog":false,"showMaterialUpdate":false,"showSkybox":false,"showFlares":false,"showImageEffects":false,"showParticleSystems":false},"in2DMode":false,"pivot":{"x":7.24737548828125,"y":4.455718040466309,"z":15.273557662963868},"rotation":{"x":-0.3129866421222687,"y":0.6429714560508728,"z":-0.32524165511131289,"w":-0.6187447309494019},"size":125.6518325805664,"orthographic":false}