{"cameraMode":{"drawMode":0,"name":"Shaded","section":"Shading Mode"},"sceneLighting":false,"audioPlay":false,"sceneViewState":{"showFog":true,"showMaterialUpdate":false,"showSkybox":false,"showFlares":true,"showImageEffects":true,"showParticleSystems":true},"in2DMode":false,"pivot":{"x":44.560001373291019,"y":4.198546409606934,"z":40.99249267578125},"rotation":{"x":-0.3129866421222687,"y":0.6429714560508728,"z":-0.32524165511131289,"w":-0.6187447309494019},"size":22.69550132751465,"orthographic":false}