{"cameraMode":{"drawMode":0,"name":"Shaded","section":"Shading Mode"},"sceneLighting":false,"audioPlay":false,"sceneViewState":{"showFog":true,"showMaterialUpdate":false,"showSkybox":false,"showFlares":true,"showImageEffects":true,"showParticleSystems":true},"in2DMode":false,"pivot":{"x":44.560001373291019,"y":4.19854736328125,"z":41.15699005126953},"rotation":{"x":-0.2802852392196655,"y":0.6978722810745239,"z":-0.3503876328468323,"w":-0.5582500100135803},"size":42.08970642089844,"orthographic":false}