{"cameraMode":{"drawMode":0,"name":"Shaded","section":"Shading Mode"},"sceneLighting":false,"audioPlay":false,"sceneViewState":{"showFog":true,"showMaterialUpdate":false,"showSkybox":false,"showFlares":true,"showImageEffects":true,"showParticleSystems":true},"in2DMode":false,"pivot":{"x":-0.33313727378845217,"y":2.2916362285614015,"z":-0.10215113312005997},"rotation":{"x":-0.17816820740699769,"y":0.8032886385917664,"z":-0.29441508650779726,"w":-0.4861103892326355},"size":5.724695205688477,"orthographic":false}