{"cameraMode":{"drawMode":0,"name":"Shaded","section":"Shading Mode"},"sceneLighting":true,"audioPlay":false,"sceneViewState":{"showFog":false,"showMaterialUpdate":false,"showSkybox":false,"showFlares":false,"showImageEffects":false,"showParticleSystems":false},"in2DMode":false,"pivot":{"x":-0.11999988555908203,"y":6.434999942779541,"z":0.20095473527908326},"rotation":{"x":-0.09282486140727997,"y":0.6382517218589783,"z":-0.07793145626783371,"w":-0.7602269649505615},"size":67.6637191772461,"orthographic":false}