{"cameraMode":{"drawMode":0,"name":"Shaded","section":"Shading Mode"},"sceneLighting":false,"audioPlay":false,"sceneViewState":{"showFog":true,"showMaterialUpdate":false,"showSkybox":false,"showFlares":true,"showImageEffects":true,"showParticleSystems":true},"in2DMode":false,"pivot":{"x":0.5199997425079346,"y":16.326648712158204,"z":-0.5594919919967651},"rotation":{"x":0.016037950292229654,"y":0.9635289311408997,"z":-0.26045072078704836,"w":0.059331879019737247},"size":30.779029846191408,"orthographic":false}