{"cameraMode":{"drawMode":0,"name":"Shaded","section":"Shading Mode"},"sceneLighting":true,"audioPlay":false,"sceneViewState":{"showFog":true,"showMaterialUpdate":false,"showSkybox":true,"showFlares":true,"showImageEffects":true,"showParticleSystems":true},"in2DMode":false,"pivot":{"x":263.80548095703127,"y":406.333251953125,"z":53.36669921875},"rotation":{"x":-0.08834085613489151,"y":0.03137148544192314,"z":-0.002783672185614705,"w":-0.9955922961235046},"size":847.3953857421875,"orthographic":true}