{"cameraMode":{"drawMode":0,"name":"Shaded","section":"Shading Mode"},"sceneLighting":false,"audioPlay":false,"sceneViewState":{"showFog":true,"showMaterialUpdate":false,"showSkybox":false,"showFlares":true,"showImageEffects":true,"showParticleSystems":true},"in2DMode":false,"pivot":{"x":31.22216796875,"y":1.6872923374176026,"z":6.2593841552734379},"rotation":{"x":0.1911333054304123,"y":-0.4419269263744354,"z":0.09696904569864273,"w":0.8710716366767883},"size":7.390422821044922,"orthographic":false}