{"cameraMode":{"drawMode":0,"name":"Shaded","section":"Shading Mode"},"sceneLighting":false,"audioPlay":false,"sceneViewState":{"showFog":true,"showMaterialUpdate":false,"showSkybox":false,"showFlares":true,"showImageEffects":true,"showParticleSystems":true},"in2DMode":false,"pivot":{"x":0.8335980176925659,"y":-0.7253630757331848,"z":0.09980635344982147},"rotation":{"x":0.14394453167915345,"y":0.8427203893661499,"z":-0.27628886699676516,"w":0.43905219435691836},"size":2.105163335800171,"orthographic":true}