{"cameraMode":{"drawMode":0,"name":"Shaded","section":"Shading Mode"},"sceneLighting":true,"audioPlay":false,"sceneViewState":{"showFog":true,"showMaterialUpdate":false,"showSkybox":true,"showFlares":true,"showImageEffects":true,"showParticleSystems":true},"in2DMode":false,"pivot":{"x":36.91836166381836,"y":-0.22238656878471375,"z":35.71474838256836},"rotation":{"x":-0.15061797201633454,"y":0.845522403717041,"z":-0.3156628906726837,"w":-0.4034391939640045},"size":35.7027702331543,"orthographic":false}