{"cameraMode":{"drawMode":0,"name":"Shaded","section":"Shading Mode"},"sceneLighting":false,"audioPlay":false,"sceneViewState":{"showFog":true,"showMaterialUpdate":false,"showSkybox":false,"showFlares":true,"showImageEffects":true,"showParticleSystems":true},"in2DMode":false,"pivot":{"x":44.560001373291019,"y":4.198546409606934,"z":40.99249267578125},"rotation":{"x":-0.15061797201633454,"y":0.845522403717041,"z":-0.3156628906726837,"w":-0.4034391939640045},"size":86.45841979980469,"orthographic":false}