{"cameraMode":{"drawMode":0,"name":"Shaded","section":"Shading Mode"},"sceneLighting":false,"audioPlay":false,"sceneViewState":{"showFog":true,"showMaterialUpdate":false,"showSkybox":false,"showFlares":true,"showImageEffects":true,"showParticleSystems":true},"in2DMode":false,"pivot":{"x":0.04131507873535156,"y":0.16231250762939454,"z":-4.76837158203125e-7},"rotation":{"x":-0.31460079550743105,"y":-0.287343293428421,"z":0.10059833526611328,"w":-0.8990774154663086},"size":125.3956069946289,"orthographic":true}