{"cameraMode":{"drawMode":0,"name":"Shaded","section":"Shading Mode"},"sceneLighting":false,"audioPlay":false,"sceneViewState":{"showFog":true,"showMaterialUpdate":false,"showSkybox":false,"showFlares":true,"showImageEffects":true,"showParticleSystems":true},"in2DMode":false,"pivot":{"x":12.040573120117188,"y":2.116291046142578,"z":27.8799991607666},"rotation":{"x":0.35808441042900088,"y":-0.6388853192329407,"z":0.4407380521297455,"w":0.5189905166625977},"size":5.9219841957092289,"orthographic":true}