{"cameraMode":{"drawMode":0,"name":"Shaded","section":"Shading Mode"},"sceneLighting":false,"audioPlay":false,"sceneViewState":{"showFog":true,"showMaterialUpdate":false,"showSkybox":false,"showFlares":true,"showImageEffects":true,"showParticleSystems":true},"in2DMode":false,"pivot":{"x":12.000572204589844,"y":2.0812911987304689,"z":28.0},"rotation":{"x":0.019713910296559335,"y":-0.9751840829849243,"z":0.19809594750404359,"w":0.09687845408916474},"size":5.9219841957092289,"orthographic":true}