{"cameraMode":{"drawMode":0,"name":"Shaded","section":"Shading Mode"},"sceneLighting":false,"audioPlay":false,"sceneViewState":{"showFog":true,"showMaterialUpdate":false,"showSkybox":false,"showFlares":true,"showImageEffects":true,"showParticleSystems":true},"in2DMode":false,"pivot":{"x":43.41584777832031,"y":23.202083587646486,"z":-14.802021026611329},"rotation":{"x":-0.0485420823097229,"y":0.04757332056760788,"z":-0.0022671448532491924,"w":-0.9976850152015686},"size":670.8341674804688,"orthographic":true}