{"cameraMode":{"drawMode":0,"name":"Shaded","section":"Shading Mode"},"sceneLighting":false,"audioPlay":false,"sceneViewState":{"showFog":true,"showMaterialUpdate":false,"showSkybox":false,"showFlares":true,"showImageEffects":true,"showParticleSystems":true},"in2DMode":false,"pivot":{"x":0.1816730499267578,"y":-0.34123802185058596,"z":0.0000019073486328125},"rotation":{"x":-0.37230077385902407,"y":0.023353442549705507,"z":-0.009314651601016522,"w":-0.9277715086936951},"size":149.2256317138672,"orthographic":true}