{"cameraMode":{"drawMode":0,"name":"Shaded","section":"Shading Mode"},"sceneLighting":false,"audioPlay":false,"sceneViewState":{"showFog":true,"showMaterialUpdate":false,"showSkybox":false,"showFlares":true,"showImageEffects":true,"showParticleSystems":true},"in2DMode":false,"pivot":{"x":0.0,"y":1.790205478668213,"z":-0.1030227541923523},"rotation":{"x":-0.02600819803774357,"y":0.08981125056743622,"z":-0.002294850768521428,"w":-0.9956165552139282},"size":5.659467697143555,"orthographic":true}