{"cameraMode":{"drawMode":0,"name":"Shaded","section":"Shading Mode"},"sceneLighting":false,"audioPlay":false,"sceneViewState":{"showFog":true,"showMaterialUpdate":false,"showSkybox":false,"showFlares":true,"showImageEffects":true,"showParticleSystems":true},"in2DMode":false,"pivot":{"x":-1.2802181243896485,"y":-0.008466720581054688,"z":0.0},"rotation":{"x":-0.37230077385902407,"y":0.023353442549705507,"z":-0.009314651601016522,"w":-0.9277715086936951},"size":110.48233032226563,"orthographic":true}