{"cameraMode":{"drawMode":0,"name":"Shaded","section":"Shading Mode"},"sceneLighting":false,"audioPlay":false,"sceneViewState":{"showFog":true,"showMaterialUpdate":false,"showSkybox":false,"showFlares":true,"showImageEffects":true,"showParticleSystems":true},"in2DMode":false,"pivot":{"x":11.942390441894532,"y":2.4996190071105959,"z":28.0},"rotation":{"x":0.07624989002943039,"y":0.16616368293762208,"z":-0.012917263433337212,"w":0.983060896396637},"size":4.971704483032227,"orthographic":true}