{"cameraMode":{"drawMode":0,"name":"Shaded","section":"Shading Mode"},"sceneLighting":false,"audioPlay":false,"sceneViewState":{"showFog":true,"showMaterialUpdate":false,"showSkybox":false,"showFlares":true,"showImageEffects":true,"showParticleSystems":true},"in2DMode":false,"pivot":{"x":0.1550000011920929,"y":1.6200002431869507,"z":-2.169999599456787},"rotation":{"x":0.11898258328437805,"y":-0.04968083277344704,"z":0.005929237697273493,"w":0.9916349053382874},"size":7.668241500854492,"orthographic":true}