{"cameraMode":{"drawMode":0,"name":"Shaded","section":"Shading Mode"},"sceneLighting":true,"audioPlay":false,"sceneViewState":{"showFog":true,"showMaterialUpdate":false,"showSkybox":true,"showFlares":true,"showImageEffects":true,"showParticleSystems":true},"in2DMode":false,"pivot":{"x":42.04651641845703,"y":8.345088005065918,"z":10.395604133605957},"rotation":{"x":-0.37230077385902407,"y":0.023353442549705507,"z":-0.009314651601016522,"w":-0.9277715086936951},"size":57.78304672241211,"orthographic":true}