{"cameraMode":{"drawMode":0,"name":"Shaded","section":"Shading Mode"},"sceneLighting":false,"audioPlay":false,"sceneViewState":{"showFog":true,"showMaterialUpdate":false,"showSkybox":false,"showFlares":true,"showImageEffects":true,"showParticleSystems":true},"in2DMode":false,"pivot":{"x":11.797266960144043,"y":2.456350564956665,"z":20.139999389648439},"rotation":{"x":0.11141210049390793,"y":-0.06906580179929733,"z":0.007733334321528673,"w":0.9913412928581238},"size":5.969021797180176,"orthographic":true}