{"cameraMode":{"drawMode":0,"name":"Shaded","section":"Shading Mode"},"sceneLighting":true,"audioPlay":false,"sceneViewState":{"showFog":true,"showMaterialUpdate":false,"showSkybox":true,"showFlares":true,"showImageEffects":true,"showParticleSystems":true},"in2DMode":false,"pivot":{"x":22.50492286682129,"y":-3.2771832942962648,"z":27.180641174316408},"rotation":{"x":-0.43082764744758608,"y":0.5659378170967102,"z":-0.45491543412208559,"w":-0.5358675122261047},"size":57.92521667480469,"orthographic":true}