{"cameraMode":{"drawMode":0,"name":"Shaded","section":"Shading Mode"},"sceneLighting":false,"audioPlay":false,"sceneViewState":{"showFog":true,"showMaterialUpdate":false,"showSkybox":false,"showFlares":true,"showImageEffects":true,"showParticleSystems":true},"in2DMode":false,"pivot":{"x":0.02529430389404297,"y":0.27025508880615237,"z":-9.5367431640625e-7},"rotation":{"x":-0.1776638776063919,"y":0.07339230179786682,"z":-0.01323450356721878,"w":-0.9812614321708679},"size":118.13394165039063,"orthographic":true}