{"cameraMode":{"drawMode":0,"name":"Shaded","section":"Shading Mode"},"sceneLighting":false,"audioPlay":false,"sceneViewState":{"showFog":true,"showMaterialUpdate":false,"showSkybox":false,"showFlares":true,"showImageEffects":true,"showParticleSystems":true},"in2DMode":false,"pivot":{"x":-35.18674850463867,"y":-1.195029854774475,"z":20.453811645507814},"rotation":{"x":-0.6248447895050049,"y":0.09965791553258896,"z":-0.0807885229587555,"w":-0.7701366543769836},"size":4.001040458679199,"orthographic":true}