{"cameraMode":{"drawMode":0,"name":"Shaded","section":"Shading Mode"},"sceneLighting":false,"audioPlay":false,"sceneViewState":{"showFog":true,"showMaterialUpdate":false,"showSkybox":false,"showFlares":true,"showImageEffects":true,"showParticleSystems":true},"in2DMode":false,"pivot":{"x":1.0951004028320313,"y":0.8075351715087891,"z":-0.0000095367431640625},"rotation":{"x":0.013859789818525315,"y":0.9852581024169922,"z":-0.09847715497016907,"w":0.13920021057128907},"size":123.29962158203125,"orthographic":true}