{"cameraMode":{"drawMode":0,"name":"Shaded","section":"Shading Mode"},"sceneLighting":false,"audioPlay":false,"sceneViewState":{"showFog":true,"showMaterialUpdate":false,"showSkybox":false,"showFlares":true,"showImageEffects":true,"showParticleSystems":true},"in2DMode":false,"pivot":{"x":8.565398216247559,"y":-3.7195961475372316,"z":21.674306869506837},"rotation":{"x":-0.37230077385902407,"y":0.023353442549705507,"z":-0.009314651601016522,"w":-0.9277715086936951},"size":8.295022010803223,"orthographic":true}