{"cameraMode":{"drawMode":0,"name":"Shaded","section":"Shading Mode"},"sceneLighting":false,"audioPlay":false,"sceneViewState":{"showFog":true,"showMaterialUpdate":false,"showSkybox":false,"showFlares":true,"showImageEffects":true,"showParticleSystems":true},"in2DMode":false,"pivot":{"x":43.41584777832031,"y":23.202083587646486,"z":-14.802021026611329},"rotation":{"x":0.050492674112319949,"y":0.9051662087440491,"z":-0.11248486489057541,"w":0.40678220987319949},"size":160.88783264160157,"orthographic":true}