{"cameraMode":{"drawMode":0,"name":"Shaded","section":"Shading Mode"},"sceneLighting":false,"audioPlay":false,"sceneViewState":{"showFog":true,"showMaterialUpdate":false,"showSkybox":false,"showFlares":true,"showImageEffects":true,"showParticleSystems":true},"in2DMode":false,"pivot":{"x":0.5899658203125,"y":-1.87091064453125,"z":0.0000035762786865234377},"rotation":{"x":-0.31460079550743105,"y":-0.287343293428421,"z":0.10059833526611328,"w":-0.8990774154663086},"size":138.20855712890626,"orthographic":true}