{"cameraMode":{"drawMode":0,"name":"Shaded","section":"Shading Mode"},"sceneLighting":true,"audioPlay":false,"sceneViewState":{"showFog":true,"showMaterialUpdate":false,"showSkybox":true,"showFlares":true,"showImageEffects":true,"showParticleSystems":true},"in2DMode":false,"pivot":{"x":15.014118194580079,"y":-7.255834579467773,"z":10.739013671875},"rotation":{"x":-0.5646469593048096,"y":-0.08409386873245239,"z":0.05803612992167473,"w":-0.8189833760261536},"size":35.34812545776367,"orthographic":true}