{"cameraMode":{"drawMode":0,"name":"Shaded","section":"Shading Mode"},"sceneLighting":true,"audioPlay":false,"sceneViewState":{"showFog":true,"showMaterialUpdate":false,"showSkybox":true,"showFlares":true,"showImageEffects":true,"showParticleSystems":true},"in2DMode":false,"pivot":{"x":39.558868408203128,"y":-2.8795578479766847,"z":35.67563247680664},"rotation":{"x":-0.07393196225166321,"y":-0.05417497083544731,"z":0.004074356518685818,"w":-0.9957824349403381},"size":70.07018280029297,"orthographic":true}