{"cameraMode":{"drawMode":0,"name":"Shaded","section":"Shading Mode"},"sceneLighting":false,"audioPlay":false,"sceneViewState":{"showFog":true,"showMaterialUpdate":false,"showSkybox":false,"showFlares":true,"showImageEffects":true,"showParticleSystems":true},"in2DMode":false,"pivot":{"x":12.040573120117188,"y":2.116291046142578,"z":27.8799991607666},"rotation":{"x":-0.03847208991646767,"y":-0.9429633021354675,"z":0.11745671927928925,"w":-0.30910196900367739},"size":5.9219841957092289,"orthographic":true}