{"cameraMode":{"drawMode":0,"name":"Shaded","section":"Shading Mode"},"sceneLighting":true,"audioPlay":false,"sceneViewState":{"showFog":true,"showMaterialUpdate":false,"showSkybox":true,"showFlares":true,"showImageEffects":true,"showParticleSystems":true},"in2DMode":false,"pivot":{"x":12.170000076293946,"y":3.0299997329711916,"z":27.520000457763673},"rotation":{"x":-0.15784847736358643,"y":0.11552687734365463,"z":-0.018566129729151727,"w":-0.9805063605308533},"size":8.264546394348145,"orthographic":true}