{"cameraMode":{"drawMode":0,"name":"Shaded","section":"Shading Mode"},"sceneLighting":false,"audioPlay":false,"sceneViewState":{"showFog":true,"showMaterialUpdate":false,"showSkybox":false,"showFlares":true,"showImageEffects":true,"showParticleSystems":true},"in2DMode":false,"pivot":{"x":0.17636585235595704,"y":1.0377540588378907,"z":-4.76837158203125e-7},"rotation":{"x":-0.25291600823402407,"y":-0.10024838894605637,"z":0.026407308876514436,"w":-0.9619181156158447},"size":103.33204650878906,"orthographic":true}