{"cameraMode":{"drawMode":0,"name":"Shaded","section":"Shading Mode"},"sceneLighting":false,"audioPlay":false,"sceneViewState":{"showFog":true,"showMaterialUpdate":false,"showSkybox":false,"showFlares":true,"showImageEffects":true,"showParticleSystems":true},"in2DMode":false,"pivot":{"x":-0.6249961853027344,"y":0.00000667572021484375,"z":0.0000019073486328125},"rotation":{"x":-0.37230077385902407,"y":0.023353442549705507,"z":-0.009314651601016522,"w":-0.9277715086936951},"size":134.35513305664063,"orthographic":true}