{"cameraMode":{"drawMode":0,"name":"Shaded","section":"Shading Mode"},"sceneLighting":true,"audioPlay":false,"sceneViewState":{"showFog":true,"showMaterialUpdate":false,"showSkybox":true,"showFlares":true,"showImageEffects":true,"showParticleSystems":true},"in2DMode":false,"pivot":{"x":32.39918899536133,"y":-1.7358877658843995,"z":23.161754608154298},"rotation":{"x":-0.23730868101119996,"y":0.5045379996299744,"z":-0.1464591920375824,"w":-0.8171142935752869},"size":52.17942810058594,"orthographic":true}