{"cameraMode":{"drawMode":0,"name":"Shaded","section":"Shading Mode"},"sceneLighting":false,"audioPlay":false,"sceneViewState":{"showFog":true,"showMaterialUpdate":false,"showSkybox":false,"showFlares":true,"showImageEffects":true,"showParticleSystems":true},"in2DMode":false,"pivot":{"x":0.17576980590820313,"y":-0.04709625244140625,"z":0.00000286102294921875},"rotation":{"x":-0.31460079550743105,"y":-0.287343293428421,"z":0.10059833526611328,"w":-0.8990774154663086},"size":146.4496612548828,"orthographic":true}