{"cameraMode":{"drawMode":0,"name":"Shaded","section":"Shading Mode"},"sceneLighting":false,"audioPlay":false,"sceneViewState":{"showFog":true,"showMaterialUpdate":false,"showSkybox":false,"showFlares":true,"showImageEffects":true,"showParticleSystems":true},"in2DMode":false,"pivot":{"x":12.030572891235352,"y":2.131291151046753,"z":24.040000915527345},"rotation":{"x":0.07875572144985199,"y":-0.044220611453056338,"z":0.0034632463939487936,"w":0.9959067106246948},"size":5.9219841957092289,"orthographic":true}