{"cameraMode":{"drawMode":0,"name":"Shaded","section":"Shading Mode"},"sceneLighting":false,"audioPlay":false,"sceneViewState":{"showFog":true,"showMaterialUpdate":false,"showSkybox":false,"showFlares":true,"showImageEffects":true,"showParticleSystems":true},"in2DMode":false,"pivot":{"x":0.1816730499267578,"y":-0.34123802185058596,"z":0.0000019073486328125},"rotation":{"x":-0.40532317757606509,"y":0.032596156001091,"z":-0.014405752532184124,"w":-0.9134785532951355},"size":157.08477783203126,"orthographic":true}