{"cameraMode":{"drawMode":0,"name":"Shaded","section":"Shading Mode"},"sceneLighting":false,"audioPlay":false,"sceneViewState":{"showFog":true,"showMaterialUpdate":false,"showSkybox":false,"showFlares":true,"showImageEffects":true,"showParticleSystems":true},"in2DMode":false,"pivot":{"x":23.750900268554689,"y":3.059525489807129,"z":11.9399995803833},"rotation":{"x":0.1735006719827652,"y":0.46906042098999026,"z":-0.09457838535308838,"w":0.8607757687568665},"size":8.953534126281739,"orthographic":true}