{"cameraMode":{"drawMode":0,"name":"Shaded","section":"Shading Mode"},"sceneLighting":false,"audioPlay":false,"sceneViewState":{"showFog":true,"showMaterialUpdate":false,"showSkybox":false,"showFlares":true,"showImageEffects":true,"showParticleSystems":true},"in2DMode":false,"pivot":{"x":-0.7379570007324219,"y":-0.9533653259277344,"z":0.0000019073486328125},"rotation":{"x":-0.31460079550743105,"y":-0.287343293428421,"z":0.10059833526611328,"w":-0.8990774154663086},"size":144.36932373046876,"orthographic":true}