{"cameraMode":{"drawMode":0,"name":"Shaded","section":"Shading Mode"},"sceneLighting":true,"audioPlay":false,"sceneViewState":{"showFog":true,"showMaterialUpdate":false,"showSkybox":true,"showFlares":true,"showImageEffects":true,"showParticleSystems":true},"in2DMode":false,"pivot":{"x":34.34291458129883,"y":-14.407867431640625,"z":35.3605842590332},"rotation":{"x":-0.158940389752388,"y":0.8252789378166199,"z":-0.2843483090400696,"w":-0.4613010883331299},"size":75.65140533447266,"orthographic":false}